{
	"id": "acc8a215-3969-4927-a2f9-262e343091fd",
	"name": "GraphQL-Part1a-Env-Authors-Books-API-Primer",
	"values": [
		{
			"key": "baseUrl",
			"value": "http://localhost:5000",
			"enabled": true
		},
		{
			"key": "graphqlPath",
			"value": "graphql",
			"enabled": true
		},
		{
			"key": "authorId1",
			"value": "1",
			"enabled": true
		},
		{
			"key": "authorId2",
			"value": "2",
			"enabled": true
		},
		{
			"key": "bookId1",
			"value": "1",
			"enabled": true
		},
		{
			"key": "bookId2",
			"value": "2",
			"enabled": true
		},
		{
			"key": "newAuthorFirstName",
			"value": "Stephen",
			"enabled": true
		},
		{
			"key": "newAuthorLastName",
			"value": "King",
			"enabled": true
		},
		{
			"key": "newAuthorShortBio",
			"value": "Stephen Edwin King is an American author of horror, supernatural fiction, suspense, and fantasy novels. His books have sold more than 350 million copies, many of which have been adapted into feature films, miniseries, television series, and comic books. King has published 61 novels and six non-fiction books.",
			"enabled": true
		},
		{
			"key": "newAuthorDataOfBirth",
			"value": "1947-09-21",
			"enabled": true
		},
		{
			"key": "newAuthorShortBioUpdated",
			"value": "[Updated] Stephen Edwin King is an American author of horror, supernatural fiction, suspense, and fantasy novels. His books have sold more than 350 million copies, many of which have been adapted into feature films, miniseries, television series, and comic books. King has published 61 novels and six non-fiction books.",
			"enabled": true
		},
		{
			"key": "newAuthorId",
			"value": "4",
			"enabled": true
		},
		{
			"key": "newBookTitle",
			"value": "The Shawshank Redemption",
			"enabled": true
		},
		{
			"key": "newBookYearPublished",
			"value": "1982",
			"enabled": true
		},
		{
			"key": "newBookTitleUpdated",
			"value": "[Updated] The Shawshank Redemption",
			"enabled": true
		},
		{
			"key": "newBookId",
			"value": "6",
			"enabled": true
		}
	],
	"_postman_variable_scope": "environment",
	"_postman_exported_at": "2020-04-13T04:12:50.796Z",
	"_postman_exported_using": "Postman/7.22.1"
}